Iteration,UserId,Score,Delta
1,elonmusk,0.4075,0.09250000000000003
1,OpenAI,0.20999999999999996,0.29000000000000004
2,elonmusk,0.29294999999999993,0.11455000000000004
2,OpenAI,0.20999999999999996,0
3,elonmusk,0.29294999999999993,0
3,OpenAI,0.20999999999999996,0